clip_id,t,k,latent_drift,pixel_error,floor_local,excess_local,excess_aggregate,base_gray,base_context_mean,base_copy_last,latent_drift_norm,pixel_error_norm
105489,8,2,1340.3284912109375,0.20887917280197144,0.19537357985973358,0.013505592942237854,0.029323115944862366,0.25940459966659546,0.09524084627628326,0.10319391638040543,0.7842316947895146,0.08328293249296073
105489,8,4,1388.2769775390625,0.21328246593475342,0.17741020023822784,0.035872265696525574,0.03372640907764435,0.26088735461235046,0.11167817562818527,0.1223822757601738,0.812286550701534,0.1991481134021807
105489,8,8,1334.0743408203125,0.2101215422153473,0.19998358190059662,0.010137960314750671,0.03056548535823822,0.2558246850967407,0.13631054759025574,0.14241091907024384,0.780572365757512,0.0643454535494341
105489,8,16,1338.978515625,0.20829302072525024,0.18412455916404724,0.024168461561203003,0.028736963868141174,0.2532595694065094,0.1529127061367035,0.16006170213222504,0.7834418185400529,0.13936839918599997
105489,8,32,1402.10693359375,0.2106376737356186,0.16557572782039642,0.04506194591522217,0.03108161687850952,0.24772249162197113,0.18392086029052734,0.18882238864898682,0.8203785146840599,0.23474281503081146
105545,8,2,1333.841796875,0.12860731780529022,0.11491710692644119,0.01369021087884903,-0.05094873905181885,0.20646971464157104,0.058208104223012924,0.07158941775560379,0.7804363033418121,0.05642616764775273
105545,8,4,1389.0130615234375,0.13146966695785522,0.11381281912326813,0.017656847834587097,-0.048086389899253845,0.20717130601406097,0.07345931977033615,0.08469606190919876,0.8127172364583162,0.07244549650424989
105545,8,8,1375.0682373046875,0.1597726047039032,0.12865054607391357,0.031122058629989624,-0.01978345215320587,0.23459437489509583,0.12613126635551453,0.13063181936740875,0.8045580626421035,0.13597055152036516
105545,8,16,1407.423828125,0.23092851042747498,0.22188322246074677,0.00904528796672821,0.051372453570365906,0.2829053997993469,0.2107410728931427,0.21693915128707886,0.8234894514705279,0.06667834705856272
105545,8,32,1364.1707763671875,0.14521534740924835,0.13413764536380768,0.011077702045440674,-0.03434070944786072,0.14445175230503082,0.1617690473794937,0.17064213752746582,0.7981819135742007,0.04958659832033492
10564,8,2,1397.5467529296875,0.2831062376499176,0.24872732162475586,0.03437891602516174,0.10355018079280853,0.29916998744010925,0.1569645255804062,0.14644946157932281,0.8177103342833784,0.315949426060153
10564,8,4,1401.8873291015625,0.28831803798675537,0.24186936020851135,0.04644867777824402,0.1087619811296463,0.29615432024002075,0.23989979922771454,0.23193885385990143,0.8202500231954278,0.40156404472551754
10564,8,8,1398.4375,0.29488304257392883,0.2335675209760666,0.061315521597862244,0.11532698571681976,0.3049565255641937,0.2413359135389328,0.2328876405954361,0.8182315140457729,0.494594673750193
10564,8,16,1407.564208984375,0.29595962166786194,0.253253310918808,0.042706310749053955,0.11640356481075287,0.31102243065834045,0.20770853757858276,0.19807052612304688,0.8235715888868296,0.4095135540437102
10564,8,32,1416.613037109375,0.28549718856811523,0.2528405785560608,0.03265661001205444,0.10594113171100616,0.30476611852645874,0.10952366143465042,0.14457716047763824,0.828866095317799,0.31191186988859476
105746,8,2,1441.60986328125,0.23776006698608398,0.19358985126018524,0.04417021572589874,0.058204010128974915,0.24820435047149658,0.24701716005802155,0.23085850477218628,0.8434918407836867,0.269414491439278
105746,8,4,1367.993896484375,0.23816579580307007,0.18568526208400726,0.052480533719062805,0.058609738945961,0.24894653260707855,0.25183096528053284,0.23700085282325745,0.800418836827378,0.3053794655623809
105746,8,8,1403.7296142578125,0.24574701488018036,0.18421092629432678,0.06153608858585358,0.06619095802307129,0.2571004331111908,0.2900594472885132,0.2774134576320648,0.8213279517926676,0.3550271308955588
105746,8,16,1414.602294921875,0.2741864025592804,0.21214066445827484,0.062045738101005554,0.09463034570217133,0.28223326802253723,0.34101903438568115,0.3206489682197571,0.8276896018209972,0.4267300184549898
105746,8,32,1361.1077880859375,0.2516951858997345,0.17085595428943634,0.08083923161029816,0.07213912904262543,0.2755037844181061,0.2839595675468445,0.2962002158164978,0.7963897465743371,0.43302983960026703
105928,8,2,1314.0299072265625,0.26836904883384705,0.2055976688861847,0.06277137994766235,0.08881299197673798,0.2995333671569824,0.18069587647914886,0.12598033249378204,0.7688442854910689,0.41312967792312955
105928,8,4,1303.9815673828125,0.2688439190387726,0.20595939457416534,0.06288452446460724,0.08928786218166351,0.2975827753543854,0.1717541515827179,0.164893239736557,0.7629649606560313,0.4148619988652775
105928,8,8,1296.88525390625,0.269983172416687,0.2012689709663391,0.0687142014503479,0.09042711555957794,0.2982530891895294,0.17829599976539612,0.19649873673915863,0.7588128785500585,0.43971515916326287
105928,8,16,1324.0582275390625,0.2370162159204483,0.17020130157470703,0.06681491434574127,0.05746015906333923,0.26721346378326416,0.1456662118434906,0.23670479655265808,0.7747118968163036,0.35665536301752243
105928,8,32,1347.41064453125,0.238579660654068,0.1756552904844284,0.06292437016963959,0.05902360379695892,0.26212549209594727,0.114171601831913,0.2222667634487152,0.7883754917300168,0.34595978065524163
105948,8,2,1324.2210693359375,0.2637883126735687,0.20051558315753937,0.06327272951602936,0.08423225581645966,0.26298025250434875,0.057844456285238266,0.056793246418237686,0.7748071762192136,0.40295149430489896
105948,8,4,1313.0648193359375,0.26708853244781494,0.20324017107486725,0.06384836137294769,0.08753247559070587,0.26365742087364197,0.07529639452695847,0.07468224316835403,0.7682796086099546,0.41379740343476784
105948,8,8,1338.8385009765625,0.2738904058933258,0.20883210003376007,0.06505830585956573,0.09433434903621674,0.2682787775993347,0.11413270980119705,0.11415939778089523,0.783359895395272,0.4374941889833238
105948,8,16,1365.0980224609375,0.2941965162754059,0.21132542192935944,0.08287109434604645,0.11464045941829681,0.288737952709198,0.1858798861503601,0.1864507496356964,0.7987244490648336,0.5667819867055094
105948,8,32,1347.221923828125,0.27332350611686707,0.1865970343351364,0.08672647178173065,0.093767449259758,0.26302745938301086,0.14082413911819458,0.14084920287132263,0.7882650704729711,0.5073452030715313
106011,8,2,1290.8504638671875,0.2584303021430969,0.16264872252941132,0.09578157961368561,0.07887424528598785,0.3084893226623535,0.0791756883263588,0.0931188091635704,0.7552818981590075,0.4914646937482495
106011,8,4,1300.1748046875,0.279671311378479,0.15919849276542664,0.12047281861305237,0.10011525452136993,0.32781392335891724,0.09585210680961609,0.1051078587770462,0.7607376081974491,0.6074046969880971
106011,8,8,1346.7125244140625,0.2704467177391052,0.16105975210666656,0.10938696563243866,0.09089066088199615,0.31763559579849243,0.11325613409280777,0.11976457387208939,0.7879670187875563,0.5567361054880292
106011,8,16,1322.4935302734375,0.28267666697502136,0.14962513744831085,0.1330515295267105,0.10312061011791229,0.3222455680370331,0.1202768012881279,0.12928180396556854,0.7737963860318204,0.6399365214039979
106011,8,32,1381.8455810546875,0.2726677358150482,0.1393786370754242,0.13328909873962402,0.09311167895793915,0.2979079782962799,0.25066375732421875,0.254184365272522,0.8085235142534706,0.6109690818325945
106041,8,2,1313.81640625,0.21293379366397858,0.14179903268814087,0.07113476097583771,0.03337773680686951,0.20078356564044952,0.14288096129894257,0.13516123592853546,0.76871936519445,0.3297248825856645
106041,8,4,1350.3115234375,0.21294689178466797,0.14402373135089874,0.06892316043376923,0.0333908349275589,0.19983476400375366,0.15095305442810059,0.16002397239208221,0.7900728078700119,0.3228023631406313
106041,8,8,1295.09521484375,0.23524291813373566,0.14255422353744507,0.09268869459629059,0.05568686127662659,0.21862435340881348,0.17678163945674896,0.18652668595314026,0.7577655193564511,0.43114118787859546
106041,8,16,1300.29150390625,0.26380637288093567,0.13773897290229797,0.1260673999786377,0.0842503160238266,0.24768009781837463,0.22206911444664001,0.23285619914531708,0.7608058893887398,0.5735555681595599
106041,8,32,1339.9322509765625,0.20943309366703033,0.14086191356182098,0.06857118010520935,0.029877036809921265,0.19673892855644226,0.20317192375659943,0.24120111763477325,0.7839998530040229,0.3164674800435398
106046,8,2,1293.0433349609375,0.2132757604122162,0.16752685606479645,0.04574890434741974,0.03371970355510712,0.24639226496219635,0.07660336047410965,0.11254402250051498,0.7565649560254808,0.24076860425150295
106046,8,4,1297.3228759765625,0.22276797890663147,0.16213569045066833,0.060632288455963135,0.0432119220495224,0.24898886680603027,0.14457350969314575,0.16712777316570282,0.7590689330173992,0.31029340611191664
106046,8,8,1346.76904296875,0.2786819636821747,0.2402763068675995,0.038405656814575195,0.09912590682506561,0.2709299325942993,0.23101824522018433,0.2538948357105255,0.7880000880255977,0.32751875047260887
106046,8,16,1334.519775390625,0.27936068177223206,0.21502883732318878,0.06433184444904327,0.09980462491512299,0.27040642499923706,0.24888555705547333,0.26576560735702515,0.7808329913506294,0.4514200610045925
106046,8,32,1344.4285888671875,0.31380051374435425,0.2381800264120102,0.07562048733234406,0.13424445688724518,0.27945318818092346,0.32279008626937866,0.33183375000953674,0.7866306787362473,0.633556305366038
106065,8,2,1308.6077880859375,0.19363710284233093,0.16469353437423706,0.028943568468093872,0.014081045985221863,0.195806086063385,0.05463144928216934,0.03529738262295723,0.7656717813542947,0.15008702562481455
106065,8,4,1325.1729736328125,0.1929415762424469,0.16048285365104675,0.032458722591400146,0.01338551938533783,0.1961003988981247,0.04884062707424164,0.0347660630941391,0.7753641393255796,0.16471833214959686
106065,8,8,1311.1651611328125,0.1919270008802414,0.15824125707149506,0.03368574380874634,0.012370944023132324,0.1970440149307251,0.05076628178358078,0.05798060819506645,0.7671681108077915,0.1690223956386418
106065,8,16,1320.5255126953125,0.19448146224021912,0.15452902019023895,0.039952442049980164,0.014925405383110046,0.19825565814971924,0.08280082792043686,0.08082807064056396,0.7726448908791105,0.19680060311834843
106065,8,32,1338.060302734375,0.18971003592014313,0.15781712532043457,0.03189291059970856,0.010153979063034058,0.19430848956108093,0.10822844505310059,0.09850604832172394,0.7829045684135993,0.15968679790506085
