clip_id,t,k,latent_drift,pixel_error,excess_over_floor
105489,8,2,1340.3284912109375,0.20887917280197144,0.029323115944862366
105489,8,4,1388.2769775390625,0.21328246593475342,0.03372640907764435
105489,8,8,1334.0743408203125,0.2101215422153473,0.03056548535823822
105489,8,16,1338.978515625,0.20829302072525024,0.028736963868141174
105489,8,32,1402.10693359375,0.2106376737356186,0.03108161687850952
105545,8,2,1333.841796875,0.12860731780529022,-0.05094873905181885
105545,8,4,1389.0130615234375,0.13146966695785522,-0.048086389899253845
105545,8,8,1375.0682373046875,0.1597726047039032,-0.01978345215320587
105545,8,16,1407.423828125,0.23092851042747498,0.051372453570365906
105545,8,32,1364.1707763671875,0.14521534740924835,-0.03434070944786072
10564,8,2,1397.5467529296875,0.2831062376499176,0.10355018079280853
10564,8,4,1401.8873291015625,0.28831803798675537,0.1087619811296463
10564,8,8,1398.4375,0.29488304257392883,0.11532698571681976
10564,8,16,1407.564208984375,0.29595962166786194,0.11640356481075287
10564,8,32,1416.613037109375,0.28549718856811523,0.10594113171100616
105746,8,2,1441.60986328125,0.23776006698608398,0.058204010128974915
105746,8,4,1367.993896484375,0.23816579580307007,0.058609738945961
105746,8,8,1403.7296142578125,0.24574701488018036,0.06619095802307129
105746,8,16,1414.602294921875,0.2741864025592804,0.09463034570217133
105746,8,32,1361.1077880859375,0.2516951858997345,0.07213912904262543
105928,8,2,1314.0299072265625,0.26836904883384705,0.08881299197673798
105928,8,4,1303.9815673828125,0.2688439190387726,0.08928786218166351
105928,8,8,1296.88525390625,0.269983172416687,0.09042711555957794
105928,8,16,1324.0582275390625,0.2370162159204483,0.05746015906333923
105928,8,32,1347.41064453125,0.238579660654068,0.05902360379695892
105948,8,2,1324.2210693359375,0.2637883126735687,0.08423225581645966
105948,8,4,1313.0648193359375,0.26708853244781494,0.08753247559070587
105948,8,8,1338.8385009765625,0.2738904058933258,0.09433434903621674
105948,8,16,1365.0980224609375,0.2941965162754059,0.11464045941829681
105948,8,32,1347.221923828125,0.27332350611686707,0.093767449259758
106011,8,2,1290.8504638671875,0.2584303021430969,0.07887424528598785
106011,8,4,1300.1748046875,0.279671311378479,0.10011525452136993
106011,8,8,1346.7125244140625,0.2704467177391052,0.09089066088199615
106011,8,16,1322.4935302734375,0.28267666697502136,0.10312061011791229
106011,8,32,1381.8455810546875,0.2726677358150482,0.09311167895793915
106041,8,2,1313.81640625,0.21293379366397858,0.03337773680686951
106041,8,4,1350.3115234375,0.21294689178466797,0.0333908349275589
106041,8,8,1295.09521484375,0.23524291813373566,0.05568686127662659
106041,8,16,1300.29150390625,0.26380637288093567,0.0842503160238266
106041,8,32,1339.9322509765625,0.20943309366703033,0.029877036809921265
106046,8,2,1293.0433349609375,0.2132757604122162,0.03371970355510712
106046,8,4,1297.3228759765625,0.22276797890663147,0.0432119220495224
106046,8,8,1346.76904296875,0.2786819636821747,0.09912590682506561
106046,8,16,1334.519775390625,0.27936068177223206,0.09980462491512299
106046,8,32,1344.4285888671875,0.31380051374435425,0.13424445688724518
106065,8,2,1308.6077880859375,0.19363710284233093,0.014081045985221863
106065,8,4,1325.1729736328125,0.1929415762424469,0.01338551938533783
106065,8,8,1311.1651611328125,0.1919270008802414,0.012370944023132324
106065,8,16,1320.5255126953125,0.19448146224021912,0.014925405383110046
106065,8,32,1338.060302734375,0.18971003592014313,0.010153979063034058
